{"Time": 86709.55269436029, "V1": 0.05919361935114527, "V2": -0.0499469101329663, "V3": 1.0180864073563085, "V4": -0.03190700704036094, "V5": 0.003190193632530173, "V6": 0.03828943274490444, "V7": 0.9734989628127251, "V8": -0.011450712715440946, "V9": 0.012641625384938423, "V10": 0.9461683366020559, "V11": -0.003893012706050186, "V12": -0.02838277181047514, "V13": -0.01053429264626186, "V14": 0.913278801339561, "V15": 0.005340878974359716, "V16": 0.0028632590699957353, "V17": -0.03478337869498812, "V18": 0.006387793991398515, "V19": 0.02686919024406116, "V20": 0.0072080600809720655, "V21": 0.0820305087407338, "V22": -0.010468779640339007, "V23": 0.00721437660882414, "V24": 0.04516456881355249, "V25": -0.020880095520033802, "V26": 0.04482941113349147, "V27": 0.019871922766295923, "V28": 0.09021455371285744, "Amount": 104.8545979023645}